{"Epoch": 49, "Loss": 2.302559454884114, "_timestamp": 1741167625.4096565, "_runtime": 31.459283590316772, "_step": 49, "_wandb": {"runtime": 30}}